movie_companies mc,title t,movie_info_idx mi_idx#t.id=mc.movie_id,t.id=mi_idx.movie_id#mi_idx.info_type_id,=,113,mc.company_type_id,=,2,t.production_year,>,1995,t.production_year,<,1997
movie_companies mc,title t,movie_info_idx mi_idx#t.id=mc.movie_id,t.id=mi_idx.movie_id#mi_idx.info_type_id,=,113,mc.company_type_id,=,2,t.production_year,>,1995,t.production_year,<,1998
movie_companies mc,title t,movie_info_idx mi_idx#t.id=mc.movie_id,t.id=mi_idx.movie_id#mi_idx.info_type_id,=,113,mc.company_type_id,=,2,t.production_year,>,1995,t.production_year,<,1999
movie_companies mc,title t,movie_info_idx mi_idx#t.id=mc.movie_id,t.id=mi_idx.movie_id#mi_idx.info_type_id,=,113,mc.company_type_id,=,2,t.production_year,>,1995,t.production_year,<,2000
movie_companies mc,title t,movie_info_idx mi_idx#t.id=mc.movie_id,t.id=mi_idx.movie_id#mi_idx.info_type_id,=,113,mc.company_type_id,=,2,t.production_year,>,1995,t.production_year,<,2001
movie_companies mc,title t,movie_info_idx mi_idx#t.id=mc.movie_id,t.id=mi_idx.movie_id#mi_idx.info_type_id,=,113,mc.company_type_id,=,2,t.production_year,>,1995,t.production_year,<,2002
movie_companies mc,title t,movie_info_idx mi_idx#t.id=mc.movie_id,t.id=mi_idx.movie_id#mi_idx.info_type_id,=,113,mc.company_type_id,=,2,t.production_year,>,1995,t.production_year,<,2003
movie_companies mc,title t,movie_info_idx mi_idx#t.id=mc.movie_id,t.id=mi_idx.movie_id#mi_idx.info_type_id,=,113,mc.company_type_id,=,2,t.production_year,>,1995,t.production_year,<,2004
movie_companies mc,title t,movie_info_idx mi_idx#t.id=mc.movie_id,t.id=mi_idx.movie_id#mi_idx.info_type_id,=,113,mc.company_type_id,=,2,t.production_year,>,1995,t.production_year,<,2005
movie_companies mc,title t,movie_info_idx mi_idx#t.id=mc.movie_id,t.id=mi_idx.movie_id#mi_idx.info_type_id,=,113,mc.company_type_id,=,2,t.production_year,>,1995,t.production_year,<,2006
movie_companies mc,title t,movie_info_idx mi_idx#t.id=mc.movie_id,t.id=mi_idx.movie_id#mi_idx.info_type_id,=,113,mc.company_type_id,=,2,t.production_year,>,1995,t.production_year,<,2007
movie_companies mc,title t,movie_info_idx mi_idx#t.id=mc.movie_id,t.id=mi_idx.movie_id#mi_idx.info_type_id,=,113,mc.company_type_id,=,2,t.production_year,>,1995,t.production_year,<,2008
movie_companies mc,title t,movie_info_idx mi_idx#t.id=mc.movie_id,t.id=mi_idx.movie_id#mi_idx.info_type_id,=,113,mc.company_type_id,=,2,t.production_year,>,1995,t.production_year,<,2009
movie_companies mc,title t,movie_info_idx mi_idx#t.id=mc.movie_id,t.id=mi_idx.movie_id#mi_idx.info_type_id,=,113,mc.company_type_id,=,2,t.production_year,>,1995,t.production_year,<,2010
movie_companies mc,title t,movie_info_idx mi_idx#t.id=mc.movie_id,t.id=mi_idx.movie_id#mi_idx.info_type_id,=,113,mc.company_type_id,=,2,t.production_year,>,1995,t.production_year,<,2011
movie_companies mc,title t,movie_info_idx mi_idx#t.id=mc.movie_id,t.id=mi_idx.movie_id#mi_idx.info_type_id,=,113,mc.company_type_id,=,2,t.production_year,>,1995,t.production_year,<,2012
movie_companies mc,title t,movie_info_idx mi_idx#t.id=mc.movie_id,t.id=mi_idx.movie_id#mi_idx.info_type_id,=,113,mc.company_type_id,=,2,t.production_year,>,1995,t.production_year,<,2013
movie_companies mc,title t,movie_info_idx mi_idx#t.id=mc.movie_id,t.id=mi_idx.movie_id#mi_idx.info_type_id,=,113,mc.company_type_id,=,2,t.production_year,>,1995,t.production_year,<,2014
movie_companies mc,title t,movie_info_idx mi_idx#t.id=mc.movie_id,t.id=mi_idx.movie_id#mi_idx.info_type_id,=,113,mc.company_type_id,=,2,t.production_year,>,1995,t.production_year,<,2015
movie_companies mc,title t,movie_info_idx mi_idx#t.id=mc.movie_id,t.id=mi_idx.movie_id#mi_idx.info_type_id,=,113,mc.company_type_id,=,2,t.production_year,>,1995,t.production_year,<,2016
movie_companies mc,title t,movie_info_idx mi_idx#t.id=mc.movie_id,t.id=mi_idx.movie_id#mi_idx.info_type_id,=,113,mc.company_type_id,=,2,t.production_year,>,1995,t.production_year,<,2017
movie_companies mc,title t,movie_info_idx mi_idx#t.id=mc.movie_id,t.id=mi_idx.movie_id#mi_idx.info_type_id,=,113,mc.company_type_id,=,2,t.production_year,>,1995,t.production_year,<,2018
movie_companies mc,title t,movie_info_idx mi_idx#t.id=mc.movie_id,t.id=mi_idx.movie_id#mi_idx.info_type_id,=,113,mc.company_type_id,=,2,t.production_year,>,1995,t.production_year,<,2019
movie_companies mc,title t,movie_info_idx mi_idx#t.id=mc.movie_id,t.id=mi_idx.movie_id#mi_idx.info_type_id,=,113,mc.company_type_id,=,2,t.production_year,>,1995,t.production_year,<,2020
movie_companies mc,title t,movie_info_idx mi_idx#t.id=mc.movie_id,t.id=mi_idx.movie_id#mi_idx.info_type_id,=,113,mc.company_type_id,=,2,t.production_year,>,1995,t.production_year,<,2021
movie_companies mc,title t,movie_info_idx mi_idx#t.id=mc.movie_id,t.id=mi_idx.movie_id#mi_idx.info_type_id,=,113,mc.company_type_id,=,2,t.production_year,>,1996,t.production_year,<,1998
movie_companies mc,title t,movie_info_idx mi_idx#t.id=mc.movie_id,t.id=mi_idx.movie_id#mi_idx.info_type_id,=,113,mc.company_type_id,=,2,t.production_year,>,1996,t.production_year,<,1999
movie_companies mc,title t,movie_info_idx mi_idx#t.id=mc.movie_id,t.id=mi_idx.movie_id#mi_idx.info_type_id,=,113,mc.company_type_id,=,2,t.production_year,>,1996,t.production_year,<,2000
movie_companies mc,title t,movie_info_idx mi_idx#t.id=mc.movie_id,t.id=mi_idx.movie_id#mi_idx.info_type_id,=,113,mc.company_type_id,=,2,t.production_year,>,1996,t.production_year,<,2001
movie_companies mc,title t,movie_info_idx mi_idx#t.id=mc.movie_id,t.id=mi_idx.movie_id#mi_idx.info_type_id,=,113,mc.company_type_id,=,2,t.production_year,>,1996,t.production_year,<,2002
movie_companies mc,title t,movie_info_idx mi_idx#t.id=mc.movie_id,t.id=mi_idx.movie_id#mi_idx.info_type_id,=,113,mc.company_type_id,=,2,t.production_year,>,1996,t.production_year,<,2003
movie_companies mc,title t,movie_info_idx mi_idx#t.id=mc.movie_id,t.id=mi_idx.movie_id#mi_idx.info_type_id,=,113,mc.company_type_id,=,2,t.production_year,>,1996,t.production_year,<,2004
movie_companies mc,title t,movie_info_idx mi_idx#t.id=mc.movie_id,t.id=mi_idx.movie_id#mi_idx.info_type_id,=,113,mc.company_type_id,=,2,t.production_year,>,1996,t.production_year,<,2005
movie_companies mc,title t,movie_info_idx mi_idx#t.id=mc.movie_id,t.id=mi_idx.movie_id#mi_idx.info_type_id,=,113,mc.company_type_id,=,2,t.production_year,>,1996,t.production_year,<,2006
movie_companies mc,title t,movie_info_idx mi_idx#t.id=mc.movie_id,t.id=mi_idx.movie_id#mi_idx.info_type_id,=,113,mc.company_type_id,=,2,t.production_year,>,1996,t.production_year,<,2007
movie_companies mc,title t,movie_info_idx mi_idx#t.id=mc.movie_id,t.id=mi_idx.movie_id#mi_idx.info_type_id,=,113,mc.company_type_id,=,2,t.production_year,>,1996,t.production_year,<,2008
movie_companies mc,title t,movie_info_idx mi_idx#t.id=mc.movie_id,t.id=mi_idx.movie_id#mi_idx.info_type_id,=,113,mc.company_type_id,=,2,t.production_year,>,1996,t.production_year,<,2009
movie_companies mc,title t,movie_info_idx mi_idx#t.id=mc.movie_id,t.id=mi_idx.movie_id#mi_idx.info_type_id,=,113,mc.company_type_id,=,2,t.production_year,>,1996,t.production_year,<,2010
movie_companies mc,title t,movie_info_idx mi_idx#t.id=mc.movie_id,t.id=mi_idx.movie_id#mi_idx.info_type_id,=,113,mc.company_type_id,=,2,t.production_year,>,1996,t.production_year,<,2011
movie_companies mc,title t,movie_info_idx mi_idx#t.id=mc.movie_id,t.id=mi_idx.movie_id#mi_idx.info_type_id,=,113,mc.company_type_id,=,2,t.production_year,>,1996,t.production_year,<,2012
movie_companies mc,title t,movie_info_idx mi_idx#t.id=mc.movie_id,t.id=mi_idx.movie_id#mi_idx.info_type_id,=,113,mc.company_type_id,=,2,t.production_year,>,1996,t.production_year,<,2013
movie_companies mc,title t,movie_info_idx mi_idx#t.id=mc.movie_id,t.id=mi_idx.movie_id#mi_idx.info_type_id,=,113,mc.company_type_id,=,2,t.production_year,>,1996,t.production_year,<,2014
movie_companies mc,title t,movie_info_idx mi_idx#t.id=mc.movie_id,t.id=mi_idx.movie_id#mi_idx.info_type_id,=,113,mc.company_type_id,=,2,t.production_year,>,1996,t.production_year,<,2015
movie_companies mc,title t,movie_info_idx mi_idx#t.id=mc.movie_id,t.id=mi_idx.movie_id#mi_idx.info_type_id,=,113,mc.company_type_id,=,2,t.production_year,>,1996,t.production_year,<,2016
movie_companies mc,title t,movie_info_idx mi_idx#t.id=mc.movie_id,t.id=mi_idx.movie_id#mi_idx.info_type_id,=,113,mc.company_type_id,=,2,t.production_year,>,1996,t.production_year,<,2017
movie_companies mc,title t,movie_info_idx mi_idx#t.id=mc.movie_id,t.id=mi_idx.movie_id#mi_idx.info_type_id,=,113,mc.company_type_id,=,2,t.production_year,>,1996,t.production_year,<,2018
movie_companies mc,title t,movie_info_idx mi_idx#t.id=mc.movie_id,t.id=mi_idx.movie_id#mi_idx.info_type_id,=,113,mc.company_type_id,=,2,t.production_year,>,1996,t.production_year,<,2019
movie_companies mc,title t,movie_info_idx mi_idx#t.id=mc.movie_id,t.id=mi_idx.movie_id#mi_idx.info_type_id,=,113,mc.company_type_id,=,2,t.production_year,>,1996,t.production_year,<,2020
movie_companies mc,title t,movie_info_idx mi_idx#t.id=mc.movie_id,t.id=mi_idx.movie_id#mi_idx.info_type_id,=,113,mc.company_type_id,=,2,t.production_year,>,1996,t.production_year,<,2021
movie_companies mc,title t,movie_info_idx mi_idx#t.id=mc.movie_id,t.id=mi_idx.movie_id#mi_idx.info_type_id,=,113,mc.company_type_id,=,2,t.production_year,>,1997,t.production_year,<,1999
movie_companies mc,title t,movie_info_idx mi_idx#t.id=mc.movie_id,t.id=mi_idx.movie_id#mi_idx.info_type_id,=,113,mc.company_type_id,=,2,t.production_year,>,1997,t.production_year,<,2000
movie_companies mc,title t,movie_info_idx mi_idx#t.id=mc.movie_id,t.id=mi_idx.movie_id#mi_idx.info_type_id,=,113,mc.company_type_id,=,2,t.production_year,>,1997,t.production_year,<,2001
movie_companies mc,title t,movie_info_idx mi_idx#t.id=mc.movie_id,t.id=mi_idx.movie_id#mi_idx.info_type_id,=,113,mc.company_type_id,=,2,t.production_year,>,1997,t.production_year,<,2002
movie_companies mc,title t,movie_info_idx mi_idx#t.id=mc.movie_id,t.id=mi_idx.movie_id#mi_idx.info_type_id,=,113,mc.company_type_id,=,2,t.production_year,>,1997,t.production_year,<,2003
movie_companies mc,title t,movie_info_idx mi_idx#t.id=mc.movie_id,t.id=mi_idx.movie_id#mi_idx.info_type_id,=,113,mc.company_type_id,=,2,t.production_year,>,1997,t.production_year,<,2004
movie_companies mc,title t,movie_info_idx mi_idx#t.id=mc.movie_id,t.id=mi_idx.movie_id#mi_idx.info_type_id,=,113,mc.company_type_id,=,2,t.production_year,>,1997,t.production_year,<,2005
movie_companies mc,title t,movie_info_idx mi_idx#t.id=mc.movie_id,t.id=mi_idx.movie_id#mi_idx.info_type_id,=,113,mc.company_type_id,=,2,t.production_year,>,1997,t.production_year,<,2006
movie_companies mc,title t,movie_info_idx mi_idx#t.id=mc.movie_id,t.id=mi_idx.movie_id#mi_idx.info_type_id,=,113,mc.company_type_id,=,2,t.production_year,>,1997,t.production_year,<,2007
movie_companies mc,title t,movie_info_idx mi_idx#t.id=mc.movie_id,t.id=mi_idx.movie_id#mi_idx.info_type_id,=,113,mc.company_type_id,=,2,t.production_year,>,1997,t.production_year,<,2008
movie_companies mc,title t,movie_info_idx mi_idx#t.id=mc.movie_id,t.id=mi_idx.movie_id#mi_idx.info_type_id,=,113,mc.company_type_id,=,2,t.production_year,>,1997,t.production_year,<,2009
movie_companies mc,title t,movie_info_idx mi_idx#t.id=mc.movie_id,t.id=mi_idx.movie_id#mi_idx.info_type_id,=,113,mc.company_type_id,=,2,t.production_year,>,1997,t.production_year,<,2010
movie_companies mc,title t,movie_info_idx mi_idx#t.id=mc.movie_id,t.id=mi_idx.movie_id#mi_idx.info_type_id,=,113,mc.company_type_id,=,2,t.production_year,>,1997,t.production_year,<,2011
movie_companies mc,title t,movie_info_idx mi_idx#t.id=mc.movie_id,t.id=mi_idx.movie_id#mi_idx.info_type_id,=,113,mc.company_type_id,=,2,t.production_year,>,1997,t.production_year,<,2012
movie_companies mc,title t,movie_info_idx mi_idx#t.id=mc.movie_id,t.id=mi_idx.movie_id#mi_idx.info_type_id,=,113,mc.company_type_id,=,2,t.production_year,>,1997,t.production_year,<,2013
movie_companies mc,title t,movie_info_idx mi_idx#t.id=mc.movie_id,t.id=mi_idx.movie_id#mi_idx.info_type_id,=,113,mc.company_type_id,=,2,t.production_year,>,1997,t.production_year,<,2014
movie_companies mc,title t,movie_info_idx mi_idx#t.id=mc.movie_id,t.id=mi_idx.movie_id#mi_idx.info_type_id,=,113,mc.company_type_id,=,2,t.production_year,>,1997,t.production_year,<,2015
movie_companies mc,title t,movie_info_idx mi_idx#t.id=mc.movie_id,t.id=mi_idx.movie_id#mi_idx.info_type_id,=,113,mc.company_type_id,=,2,t.production_year,>,1997,t.production_year,<,2016
movie_companies mc,title t,movie_info_idx mi_idx#t.id=mc.movie_id,t.id=mi_idx.movie_id#mi_idx.info_type_id,=,113,mc.company_type_id,=,2,t.production_year,>,1997,t.production_year,<,2017
movie_companies mc,title t,movie_info_idx mi_idx#t.id=mc.movie_id,t.id=mi_idx.movie_id#mi_idx.info_type_id,=,113,mc.company_type_id,=,2,t.production_year,>,1997,t.production_year,<,2018
movie_companies mc,title t,movie_info_idx mi_idx#t.id=mc.movie_id,t.id=mi_idx.movie_id#mi_idx.info_type_id,=,113,mc.company_type_id,=,2,t.production_year,>,1997,t.production_year,<,2019
movie_companies mc,title t,movie_info_idx mi_idx#t.id=mc.movie_id,t.id=mi_idx.movie_id#mi_idx.info_type_id,=,113,mc.company_type_id,=,2,t.production_year,>,1997,t.production_year,<,2020
movie_companies mc,title t,movie_info_idx mi_idx#t.id=mc.movie_id,t.id=mi_idx.movie_id#mi_idx.info_type_id,=,113,mc.company_type_id,=,2,t.production_year,>,1997,t.production_year,<,2021
movie_companies mc,title t,movie_info_idx mi_idx#t.id=mc.movie_id,t.id=mi_idx.movie_id#mi_idx.info_type_id,=,113,mc.company_type_id,=,2,t.production_year,>,1998,t.production_year,<,2000
movie_companies mc,title t,movie_info_idx mi_idx#t.id=mc.movie_id,t.id=mi_idx.movie_id#mi_idx.info_type_id,=,113,mc.company_type_id,=,2,t.production_year,>,1998,t.production_year,<,2001
movie_companies mc,title t,movie_info_idx mi_idx#t.id=mc.movie_id,t.id=mi_idx.movie_id#mi_idx.info_type_id,=,113,mc.company_type_id,=,2,t.production_year,>,1998,t.production_year,<,2002
movie_companies mc,title t,movie_info_idx mi_idx#t.id=mc.movie_id,t.id=mi_idx.movie_id#mi_idx.info_type_id,=,113,mc.company_type_id,=,2,t.production_year,>,1998,t.production_year,<,2003
movie_companies mc,title t,movie_info_idx mi_idx#t.id=mc.movie_id,t.id=mi_idx.movie_id#mi_idx.info_type_id,=,113,mc.company_type_id,=,2,t.production_year,>,1998,t.production_year,<,2004
movie_companies mc,title t,movie_info_idx mi_idx#t.id=mc.movie_id,t.id=mi_idx.movie_id#mi_idx.info_type_id,=,113,mc.company_type_id,=,2,t.production_year,>,1998,t.production_year,<,2005
movie_companies mc,title t,movie_info_idx mi_idx#t.id=mc.movie_id,t.id=mi_idx.movie_id#mi_idx.info_type_id,=,113,mc.company_type_id,=,2,t.production_year,>,1998,t.production_year,<,2006
movie_companies mc,title t,movie_info_idx mi_idx#t.id=mc.movie_id,t.id=mi_idx.movie_id#mi_idx.info_type_id,=,113,mc.company_type_id,=,2,t.production_year,>,1998,t.production_year,<,2007
movie_companies mc,title t,movie_info_idx mi_idx#t.id=mc.movie_id,t.id=mi_idx.movie_id#mi_idx.info_type_id,=,113,mc.company_type_id,=,2,t.production_year,>,1998,t.production_year,<,2008
movie_companies mc,title t,movie_info_idx mi_idx#t.id=mc.movie_id,t.id=mi_idx.movie_id#mi_idx.info_type_id,=,113,mc.company_type_id,=,2,t.production_year,>,1998,t.production_year,<,2009
movie_companies mc,title t,movie_info_idx mi_idx#t.id=mc.movie_id,t.id=mi_idx.movie_id#mi_idx.info_type_id,=,113,mc.company_type_id,=,2,t.production_year,>,1998,t.production_year,<,2010
movie_companies mc,title t,movie_info_idx mi_idx#t.id=mc.movie_id,t.id=mi_idx.movie_id#mi_idx.info_type_id,=,113,mc.company_type_id,=,2,t.production_year,>,1998,t.production_year,<,2011
movie_companies mc,title t,movie_info_idx mi_idx#t.id=mc.movie_id,t.id=mi_idx.movie_id#mi_idx.info_type_id,=,113,mc.company_type_id,=,2,t.production_year,>,1998,t.production_year,<,2012
movie_companies mc,title t,movie_info_idx mi_idx#t.id=mc.movie_id,t.id=mi_idx.movie_id#mi_idx.info_type_id,=,113,mc.company_type_id,=,2,t.production_year,>,1998,t.production_year,<,2013
movie_companies mc,title t,movie_info_idx mi_idx#t.id=mc.movie_id,t.id=mi_idx.movie_id#mi_idx.info_type_id,=,113,mc.company_type_id,=,2,t.production_year,>,1998,t.production_year,<,2014
movie_companies mc,title t,movie_info_idx mi_idx#t.id=mc.movie_id,t.id=mi_idx.movie_id#mi_idx.info_type_id,=,113,mc.company_type_id,=,2,t.production_year,>,1998,t.production_year,<,2015
movie_companies mc,title t,movie_info_idx mi_idx#t.id=mc.movie_id,t.id=mi_idx.movie_id#mi_idx.info_type_id,=,113,mc.company_type_id,=,2,t.production_year,>,1998,t.production_year,<,2016
movie_companies mc,title t,movie_info_idx mi_idx#t.id=mc.movie_id,t.id=mi_idx.movie_id#mi_idx.info_type_id,=,113,mc.company_type_id,=,2,t.production_year,>,1998,t.production_year,<,2017
movie_companies mc,title t,movie_info_idx mi_idx#t.id=mc.movie_id,t.id=mi_idx.movie_id#mi_idx.info_type_id,=,113,mc.company_type_id,=,2,t.production_year,>,1998,t.production_year,<,2018
movie_companies mc,title t,movie_info_idx mi_idx#t.id=mc.movie_id,t.id=mi_idx.movie_id#mi_idx.info_type_id,=,113,mc.company_type_id,=,2,t.production_year,>,1998,t.production_year,<,2019
movie_companies mc,title t,movie_info_idx mi_idx#t.id=mc.movie_id,t.id=mi_idx.movie_id#mi_idx.info_type_id,=,113,mc.company_type_id,=,2,t.production_year,>,1998,t.production_year,<,2020
movie_companies mc,title t,movie_info_idx mi_idx#t.id=mc.movie_id,t.id=mi_idx.movie_id#mi_idx.info_type_id,=,113,mc.company_type_id,=,2,t.production_year,>,1998,t.production_year,<,2021
movie_companies mc,title t,movie_info_idx mi_idx#t.id=mc.movie_id,t.id=mi_idx.movie_id#mi_idx.info_type_id,=,113,mc.company_type_id,=,2,t.production_year,>,1999,t.production_year,<,2001
movie_companies mc,title t,movie_info_idx mi_idx#t.id=mc.movie_id,t.id=mi_idx.movie_id#mi_idx.info_type_id,=,113,mc.company_type_id,=,2,t.production_year,>,1999,t.production_year,<,2002
movie_companies mc,title t,movie_info_idx mi_idx#t.id=mc.movie_id,t.id=mi_idx.movie_id#mi_idx.info_type_id,=,113,mc.company_type_id,=,2,t.production_year,>,1999,t.production_year,<,2003
movie_companies mc,title t,movie_info_idx mi_idx#t.id=mc.movie_id,t.id=mi_idx.movie_id#mi_idx.info_type_id,=,113,mc.company_type_id,=,2,t.production_year,>,1999,t.production_year,<,2004
movie_companies mc,title t,movie_info_idx mi_idx#t.id=mc.movie_id,t.id=mi_idx.movie_id#mi_idx.info_type_id,=,113,mc.company_type_id,=,2,t.production_year,>,1999,t.production_year,<,2005
movie_companies mc,title t,movie_info_idx mi_idx#t.id=mc.movie_id,t.id=mi_idx.movie_id#mi_idx.info_type_id,=,113,mc.company_type_id,=,2,t.production_year,>,1999,t.production_year,<,2006
movie_companies mc,title t,movie_info_idx mi_idx#t.id=mc.movie_id,t.id=mi_idx.movie_id#mi_idx.info_type_id,=,113,mc.company_type_id,=,2,t.production_year,>,1999,t.production_year,<,2007
movie_companies mc,title t,movie_info_idx mi_idx#t.id=mc.movie_id,t.id=mi_idx.movie_id#mi_idx.info_type_id,=,113,mc.company_type_id,=,2,t.production_year,>,1999,t.production_year,<,2008
movie_companies mc,title t,movie_info_idx mi_idx#t.id=mc.movie_id,t.id=mi_idx.movie_id#mi_idx.info_type_id,=,113,mc.company_type_id,=,2,t.production_year,>,1999,t.production_year,<,2009
movie_companies mc,title t,movie_info_idx mi_idx#t.id=mc.movie_id,t.id=mi_idx.movie_id#mi_idx.info_type_id,=,113,mc.company_type_id,=,2,t.production_year,>,1999,t.production_year,<,2010
movie_companies mc,title t,movie_info_idx mi_idx#t.id=mc.movie_id,t.id=mi_idx.movie_id#mi_idx.info_type_id,=,113,mc.company_type_id,=,2,t.production_year,>,1999,t.production_year,<,2011
movie_companies mc,title t,movie_info_idx mi_idx#t.id=mc.movie_id,t.id=mi_idx.movie_id#mi_idx.info_type_id,=,113,mc.company_type_id,=,2,t.production_year,>,1999,t.production_year,<,2012
movie_companies mc,title t,movie_info_idx mi_idx#t.id=mc.movie_id,t.id=mi_idx.movie_id#mi_idx.info_type_id,=,113,mc.company_type_id,=,2,t.production_year,>,1999,t.production_year,<,2013
movie_companies mc,title t,movie_info_idx mi_idx#t.id=mc.movie_id,t.id=mi_idx.movie_id#mi_idx.info_type_id,=,113,mc.company_type_id,=,2,t.production_year,>,1999,t.production_year,<,2014
movie_companies mc,title t,movie_info_idx mi_idx#t.id=mc.movie_id,t.id=mi_idx.movie_id#mi_idx.info_type_id,=,113,mc.company_type_id,=,2,t.production_year,>,1999,t.production_year,<,2015
movie_companies mc,title t,movie_info_idx mi_idx#t.id=mc.movie_id,t.id=mi_idx.movie_id#mi_idx.info_type_id,=,113,mc.company_type_id,=,2,t.production_year,>,1999,t.production_year,<,2016
movie_companies mc,title t,movie_info_idx mi_idx#t.id=mc.movie_id,t.id=mi_idx.movie_id#mi_idx.info_type_id,=,113,mc.company_type_id,=,2,t.production_year,>,1999,t.production_year,<,2017
movie_companies mc,title t,movie_info_idx mi_idx#t.id=mc.movie_id,t.id=mi_idx.movie_id#mi_idx.info_type_id,=,113,mc.company_type_id,=,2,t.production_year,>,1999,t.production_year,<,2018
movie_companies mc,title t,movie_info_idx mi_idx#t.id=mc.movie_id,t.id=mi_idx.movie_id#mi_idx.info_type_id,=,113,mc.company_type_id,=,2,t.production_year,>,1999,t.production_year,<,2019
movie_companies mc,title t,movie_info_idx mi_idx#t.id=mc.movie_id,t.id=mi_idx.movie_id#mi_idx.info_type_id,=,113,mc.company_type_id,=,2,t.production_year,>,1999,t.production_year,<,2020
movie_companies mc,title t,movie_info_idx mi_idx#t.id=mc.movie_id,t.id=mi_idx.movie_id#mi_idx.info_type_id,=,113,mc.company_type_id,=,2,t.production_year,>,1999,t.production_year,<,2021
movie_companies mc,title t,movie_info_idx mi_idx#t.id=mc.movie_id,t.id=mi_idx.movie_id#mi_idx.info_type_id,=,113,mc.company_type_id,=,2,t.production_year,>,2000,t.production_year,<,2002
movie_companies mc,title t,movie_info_idx mi_idx#t.id=mc.movie_id,t.id=mi_idx.movie_id#mi_idx.info_type_id,=,113,mc.company_type_id,=,2,t.production_year,>,2000,t.production_year,<,2003
movie_companies mc,title t,movie_info_idx mi_idx#t.id=mc.movie_id,t.id=mi_idx.movie_id#mi_idx.info_type_id,=,113,mc.company_type_id,=,2,t.production_year,>,2000,t.production_year,<,2004
movie_companies mc,title t,movie_info_idx mi_idx#t.id=mc.movie_id,t.id=mi_idx.movie_id#mi_idx.info_type_id,=,113,mc.company_type_id,=,2,t.production_year,>,2000,t.production_year,<,2005
movie_companies mc,title t,movie_info_idx mi_idx#t.id=mc.movie_id,t.id=mi_idx.movie_id#mi_idx.info_type_id,=,113,mc.company_type_id,=,2,t.production_year,>,2000,t.production_year,<,2006
movie_companies mc,title t,movie_info_idx mi_idx#t.id=mc.movie_id,t.id=mi_idx.movie_id#mi_idx.info_type_id,=,113,mc.company_type_id,=,2,t.production_year,>,2000,t.production_year,<,2007
movie_companies mc,title t,movie_info_idx mi_idx#t.id=mc.movie_id,t.id=mi_idx.movie_id#mi_idx.info_type_id,=,113,mc.company_type_id,=,2,t.production_year,>,2000,t.production_year,<,2008
movie_companies mc,title t,movie_info_idx mi_idx#t.id=mc.movie_id,t.id=mi_idx.movie_id#mi_idx.info_type_id,=,113,mc.company_type_id,=,2,t.production_year,>,2000,t.production_year,<,2009
movie_companies mc,title t,movie_info_idx mi_idx#t.id=mc.movie_id,t.id=mi_idx.movie_id#mi_idx.info_type_id,=,113,mc.company_type_id,=,2,t.production_year,>,2000,t.production_year,<,2010
movie_companies mc,title t,movie_info_idx mi_idx#t.id=mc.movie_id,t.id=mi_idx.movie_id#mi_idx.info_type_id,=,113,mc.company_type_id,=,2,t.production_year,>,2000,t.production_year,<,2011
movie_companies mc,title t,movie_info_idx mi_idx#t.id=mc.movie_id,t.id=mi_idx.movie_id#mi_idx.info_type_id,=,113,mc.company_type_id,=,2,t.production_year,>,2000,t.production_year,<,2012
movie_companies mc,title t,movie_info_idx mi_idx#t.id=mc.movie_id,t.id=mi_idx.movie_id#mi_idx.info_type_id,=,113,mc.company_type_id,=,2,t.production_year,>,2000,t.production_year,<,2013
movie_companies mc,title t,movie_info_idx mi_idx#t.id=mc.movie_id,t.id=mi_idx.movie_id#mi_idx.info_type_id,=,113,mc.company_type_id,=,2,t.production_year,>,2000,t.production_year,<,2014
movie_companies mc,title t,movie_info_idx mi_idx#t.id=mc.movie_id,t.id=mi_idx.movie_id#mi_idx.info_type_id,=,113,mc.company_type_id,=,2,t.production_year,>,2000,t.production_year,<,2015
movie_companies mc,title t,movie_info_idx mi_idx#t.id=mc.movie_id,t.id=mi_idx.movie_id#mi_idx.info_type_id,=,113,mc.company_type_id,=,2,t.production_year,>,2000,t.production_year,<,2016
movie_companies mc,title t,movie_info_idx mi_idx#t.id=mc.movie_id,t.id=mi_idx.movie_id#mi_idx.info_type_id,=,113,mc.company_type_id,=,2,t.production_year,>,2000,t.production_year,<,2017
movie_companies mc,title t,movie_info_idx mi_idx#t.id=mc.movie_id,t.id=mi_idx.movie_id#mi_idx.info_type_id,=,113,mc.company_type_id,=,2,t.production_year,>,2000,t.production_year,<,2018
movie_companies mc,title t,movie_info_idx mi_idx#t.id=mc.movie_id,t.id=mi_idx.movie_id#mi_idx.info_type_id,=,113,mc.company_type_id,=,2,t.production_year,>,2000,t.production_year,<,2019
movie_companies mc,title t,movie_info_idx mi_idx#t.id=mc.movie_id,t.id=mi_idx.movie_id#mi_idx.info_type_id,=,113,mc.company_type_id,=,2,t.production_year,>,2000,t.production_year,<,2020
movie_companies mc,title t,movie_info_idx mi_idx#t.id=mc.movie_id,t.id=mi_idx.movie_id#mi_idx.info_type_id,=,113,mc.company_type_id,=,2,t.production_year,>,2000,t.production_year,<,2021
movie_companies mc,title t,movie_info_idx mi_idx#t.id=mc.movie_id,t.id=mi_idx.movie_id#mi_idx.info_type_id,=,113,mc.company_type_id,=,2,t.production_year,>,2001,t.production_year,<,2003
movie_companies mc,title t,movie_info_idx mi_idx#t.id=mc.movie_id,t.id=mi_idx.movie_id#mi_idx.info_type_id,=,113,mc.company_type_id,=,2,t.production_year,>,2001,t.production_year,<,2004
movie_companies mc,title t,movie_info_idx mi_idx#t.id=mc.movie_id,t.id=mi_idx.movie_id#mi_idx.info_type_id,=,113,mc.company_type_id,=,2,t.production_year,>,2001,t.production_year,<,2005
movie_companies mc,title t,movie_info_idx mi_idx#t.id=mc.movie_id,t.id=mi_idx.movie_id#mi_idx.info_type_id,=,113,mc.company_type_id,=,2,t.production_year,>,2001,t.production_year,<,2006
movie_companies mc,title t,movie_info_idx mi_idx#t.id=mc.movie_id,t.id=mi_idx.movie_id#mi_idx.info_type_id,=,113,mc.company_type_id,=,2,t.production_year,>,2001,t.production_year,<,2007
movie_companies mc,title t,movie_info_idx mi_idx#t.id=mc.movie_id,t.id=mi_idx.movie_id#mi_idx.info_type_id,=,113,mc.company_type_id,=,2,t.production_year,>,2001,t.production_year,<,2008
movie_companies mc,title t,movie_info_idx mi_idx#t.id=mc.movie_id,t.id=mi_idx.movie_id#mi_idx.info_type_id,=,113,mc.company_type_id,=,2,t.production_year,>,2001,t.production_year,<,2009
movie_companies mc,title t,movie_info_idx mi_idx#t.id=mc.movie_id,t.id=mi_idx.movie_id#mi_idx.info_type_id,=,113,mc.company_type_id,=,2,t.production_year,>,2001,t.production_year,<,2010
movie_companies mc,title t,movie_info_idx mi_idx#t.id=mc.movie_id,t.id=mi_idx.movie_id#mi_idx.info_type_id,=,113,mc.company_type_id,=,2,t.production_year,>,2001,t.production_year,<,2011
movie_companies mc,title t,movie_info_idx mi_idx#t.id=mc.movie_id,t.id=mi_idx.movie_id#mi_idx.info_type_id,=,113,mc.company_type_id,=,2,t.production_year,>,2001,t.production_year,<,2012
movie_companies mc,title t,movie_info_idx mi_idx#t.id=mc.movie_id,t.id=mi_idx.movie_id#mi_idx.info_type_id,=,113,mc.company_type_id,=,2,t.production_year,>,2001,t.production_year,<,2013
movie_companies mc,title t,movie_info_idx mi_idx#t.id=mc.movie_id,t.id=mi_idx.movie_id#mi_idx.info_type_id,=,113,mc.company_type_id,=,2,t.production_year,>,2001,t.production_year,<,2014
movie_companies mc,title t,movie_info_idx mi_idx#t.id=mc.movie_id,t.id=mi_idx.movie_id#mi_idx.info_type_id,=,113,mc.company_type_id,=,2,t.production_year,>,2001,t.production_year,<,2015
movie_companies mc,title t,movie_info_idx mi_idx#t.id=mc.movie_id,t.id=mi_idx.movie_id#mi_idx.info_type_id,=,113,mc.company_type_id,=,2,t.production_year,>,2001,t.production_year,<,2016
movie_companies mc,title t,movie_info_idx mi_idx#t.id=mc.movie_id,t.id=mi_idx.movie_id#mi_idx.info_type_id,=,113,mc.company_type_id,=,2,t.production_year,>,2001,t.production_year,<,2017
movie_companies mc,title t,movie_info_idx mi_idx#t.id=mc.movie_id,t.id=mi_idx.movie_id#mi_idx.info_type_id,=,113,mc.company_type_id,=,2,t.production_year,>,2001,t.production_year,<,2018
movie_companies mc,title t,movie_info_idx mi_idx#t.id=mc.movie_id,t.id=mi_idx.movie_id#mi_idx.info_type_id,=,113,mc.company_type_id,=,2,t.production_year,>,2001,t.production_year,<,2019
movie_companies mc,title t,movie_info_idx mi_idx#t.id=mc.movie_id,t.id=mi_idx.movie_id#mi_idx.info_type_id,=,113,mc.company_type_id,=,2,t.production_year,>,2001,t.production_year,<,2020
movie_companies mc,title t,movie_info_idx mi_idx#t.id=mc.movie_id,t.id=mi_idx.movie_id#mi_idx.info_type_id,=,113,mc.company_type_id,=,2,t.production_year,>,2001,t.production_year,<,2021
movie_companies mc,title t,movie_info_idx mi_idx#t.id=mc.movie_id,t.id=mi_idx.movie_id#mi_idx.info_type_id,=,113,mc.company_type_id,=,2,t.production_year,>,2002,t.production_year,<,2004
movie_companies mc,title t,movie_info_idx mi_idx#t.id=mc.movie_id,t.id=mi_idx.movie_id#mi_idx.info_type_id,=,113,mc.company_type_id,=,2,t.production_year,>,2002,t.production_year,<,2005
movie_companies mc,title t,movie_info_idx mi_idx#t.id=mc.movie_id,t.id=mi_idx.movie_id#mi_idx.info_type_id,=,113,mc.company_type_id,=,2,t.production_year,>,2002,t.production_year,<,2006
movie_companies mc,title t,movie_info_idx mi_idx#t.id=mc.movie_id,t.id=mi_idx.movie_id#mi_idx.info_type_id,=,113,mc.company_type_id,=,2,t.production_year,>,2002,t.production_year,<,2007
movie_companies mc,title t,movie_info_idx mi_idx#t.id=mc.movie_id,t.id=mi_idx.movie_id#mi_idx.info_type_id,=,113,mc.company_type_id,=,2,t.production_year,>,2002,t.production_year,<,2008
movie_companies mc,title t,movie_info_idx mi_idx#t.id=mc.movie_id,t.id=mi_idx.movie_id#mi_idx.info_type_id,=,113,mc.company_type_id,=,2,t.production_year,>,2002,t.production_year,<,2009
movie_companies mc,title t,movie_info_idx mi_idx#t.id=mc.movie_id,t.id=mi_idx.movie_id#mi_idx.info_type_id,=,113,mc.company_type_id,=,2,t.production_year,>,2002,t.production_year,<,2010
movie_companies mc,title t,movie_info_idx mi_idx#t.id=mc.movie_id,t.id=mi_idx.movie_id#mi_idx.info_type_id,=,113,mc.company_type_id,=,2,t.production_year,>,2002,t.production_year,<,2011
movie_companies mc,title t,movie_info_idx mi_idx#t.id=mc.movie_id,t.id=mi_idx.movie_id#mi_idx.info_type_id,=,113,mc.company_type_id,=,2,t.production_year,>,2002,t.production_year,<,2012
movie_companies mc,title t,movie_info_idx mi_idx#t.id=mc.movie_id,t.id=mi_idx.movie_id#mi_idx.info_type_id,=,113,mc.company_type_id,=,2,t.production_year,>,2002,t.production_year,<,2013
movie_companies mc,title t,movie_info_idx mi_idx#t.id=mc.movie_id,t.id=mi_idx.movie_id#mi_idx.info_type_id,=,113,mc.company_type_id,=,2,t.production_year,>,2002,t.production_year,<,2014
movie_companies mc,title t,movie_info_idx mi_idx#t.id=mc.movie_id,t.id=mi_idx.movie_id#mi_idx.info_type_id,=,113,mc.company_type_id,=,2,t.production_year,>,2002,t.production_year,<,2015
movie_companies mc,title t,movie_info_idx mi_idx#t.id=mc.movie_id,t.id=mi_idx.movie_id#mi_idx.info_type_id,=,113,mc.company_type_id,=,2,t.production_year,>,2002,t.production_year,<,2016
movie_companies mc,title t,movie_info_idx mi_idx#t.id=mc.movie_id,t.id=mi_idx.movie_id#mi_idx.info_type_id,=,113,mc.company_type_id,=,2,t.production_year,>,2002,t.production_year,<,2017
movie_companies mc,title t,movie_info_idx mi_idx#t.id=mc.movie_id,t.id=mi_idx.movie_id#mi_idx.info_type_id,=,113,mc.company_type_id,=,2,t.production_year,>,2002,t.production_year,<,2018
movie_companies mc,title t,movie_info_idx mi_idx#t.id=mc.movie_id,t.id=mi_idx.movie_id#mi_idx.info_type_id,=,113,mc.company_type_id,=,2,t.production_year,>,2002,t.production_year,<,2019
movie_companies mc,title t,movie_info_idx mi_idx#t.id=mc.movie_id,t.id=mi_idx.movie_id#mi_idx.info_type_id,=,113,mc.company_type_id,=,2,t.production_year,>,2002,t.production_year,<,2020
movie_companies mc,title t,movie_info_idx mi_idx#t.id=mc.movie_id,t.id=mi_idx.movie_id#mi_idx.info_type_id,=,113,mc.company_type_id,=,2,t.production_year,>,2002,t.production_year,<,2021
movie_companies mc,title t,movie_info_idx mi_idx#t.id=mc.movie_id,t.id=mi_idx.movie_id#mi_idx.info_type_id,=,113,mc.company_type_id,=,2,t.production_year,>,2003,t.production_year,<,2005
movie_companies mc,title t,movie_info_idx mi_idx#t.id=mc.movie_id,t.id=mi_idx.movie_id#mi_idx.info_type_id,=,113,mc.company_type_id,=,2,t.production_year,>,2003,t.production_year,<,2006
movie_companies mc,title t,movie_info_idx mi_idx#t.id=mc.movie_id,t.id=mi_idx.movie_id#mi_idx.info_type_id,=,113,mc.company_type_id,=,2,t.production_year,>,2003,t.production_year,<,2007
movie_companies mc,title t,movie_info_idx mi_idx#t.id=mc.movie_id,t.id=mi_idx.movie_id#mi_idx.info_type_id,=,113,mc.company_type_id,=,2,t.production_year,>,2003,t.production_year,<,2008
movie_companies mc,title t,movie_info_idx mi_idx#t.id=mc.movie_id,t.id=mi_idx.movie_id#mi_idx.info_type_id,=,113,mc.company_type_id,=,2,t.production_year,>,2003,t.production_year,<,2009
movie_companies mc,title t,movie_info_idx mi_idx#t.id=mc.movie_id,t.id=mi_idx.movie_id#mi_idx.info_type_id,=,113,mc.company_type_id,=,2,t.production_year,>,2003,t.production_year,<,2010
movie_companies mc,title t,movie_info_idx mi_idx#t.id=mc.movie_id,t.id=mi_idx.movie_id#mi_idx.info_type_id,=,113,mc.company_type_id,=,2,t.production_year,>,2003,t.production_year,<,2011
movie_companies mc,title t,movie_info_idx mi_idx#t.id=mc.movie_id,t.id=mi_idx.movie_id#mi_idx.info_type_id,=,113,mc.company_type_id,=,2,t.production_year,>,2003,t.production_year,<,2012
movie_companies mc,title t,movie_info_idx mi_idx#t.id=mc.movie_id,t.id=mi_idx.movie_id#mi_idx.info_type_id,=,113,mc.company_type_id,=,2,t.production_year,>,2003,t.production_year,<,2013
movie_companies mc,title t,movie_info_idx mi_idx#t.id=mc.movie_id,t.id=mi_idx.movie_id#mi_idx.info_type_id,=,113,mc.company_type_id,=,2,t.production_year,>,2003,t.production_year,<,2014
movie_companies mc,title t,movie_info_idx mi_idx#t.id=mc.movie_id,t.id=mi_idx.movie_id#mi_idx.info_type_id,=,113,mc.company_type_id,=,2,t.production_year,>,2003,t.production_year,<,2015
movie_companies mc,title t,movie_info_idx mi_idx#t.id=mc.movie_id,t.id=mi_idx.movie_id#mi_idx.info_type_id,=,113,mc.company_type_id,=,2,t.production_year,>,2003,t.production_year,<,2016
movie_companies mc,title t,movie_info_idx mi_idx#t.id=mc.movie_id,t.id=mi_idx.movie_id#mi_idx.info_type_id,=,113,mc.company_type_id,=,2,t.production_year,>,2003,t.production_year,<,2017
movie_companies mc,title t,movie_info_idx mi_idx#t.id=mc.movie_id,t.id=mi_idx.movie_id#mi_idx.info_type_id,=,113,mc.company_type_id,=,2,t.production_year,>,2003,t.production_year,<,2018
movie_companies mc,title t,movie_info_idx mi_idx#t.id=mc.movie_id,t.id=mi_idx.movie_id#mi_idx.info_type_id,=,113,mc.company_type_id,=,2,t.production_year,>,2003,t.production_year,<,2019
movie_companies mc,title t,movie_info_idx mi_idx#t.id=mc.movie_id,t.id=mi_idx.movie_id#mi_idx.info_type_id,=,113,mc.company_type_id,=,2,t.production_year,>,2003,t.production_year,<,2020
movie_companies mc,title t,movie_info_idx mi_idx#t.id=mc.movie_id,t.id=mi_idx.movie_id#mi_idx.info_type_id,=,113,mc.company_type_id,=,2,t.production_year,>,2003,t.production_year,<,2021
movie_companies mc,title t,movie_info_idx mi_idx#t.id=mc.movie_id,t.id=mi_idx.movie_id#mi_idx.info_type_id,=,113,mc.company_type_id,=,2,t.production_year,>,2004,t.production_year,<,2006
movie_companies mc,title t,movie_info_idx mi_idx#t.id=mc.movie_id,t.id=mi_idx.movie_id#mi_idx.info_type_id,=,113,mc.company_type_id,=,2,t.production_year,>,2004,t.production_year,<,2007
movie_companies mc,title t,movie_info_idx mi_idx#t.id=mc.movie_id,t.id=mi_idx.movie_id#mi_idx.info_type_id,=,113,mc.company_type_id,=,2,t.production_year,>,2004,t.production_year,<,2008
movie_companies mc,title t,movie_info_idx mi_idx#t.id=mc.movie_id,t.id=mi_idx.movie_id#mi_idx.info_type_id,=,113,mc.company_type_id,=,2,t.production_year,>,2004,t.production_year,<,2009
movie_companies mc,title t,movie_info_idx mi_idx#t.id=mc.movie_id,t.id=mi_idx.movie_id#mi_idx.info_type_id,=,113,mc.company_type_id,=,2,t.production_year,>,2004,t.production_year,<,2010
movie_companies mc,title t,movie_info_idx mi_idx#t.id=mc.movie_id,t.id=mi_idx.movie_id#mi_idx.info_type_id,=,113,mc.company_type_id,=,2,t.production_year,>,2004,t.production_year,<,2011
movie_companies mc,title t,movie_info_idx mi_idx#t.id=mc.movie_id,t.id=mi_idx.movie_id#mi_idx.info_type_id,=,113,mc.company_type_id,=,2,t.production_year,>,2004,t.production_year,<,2012
movie_companies mc,title t,movie_info_idx mi_idx#t.id=mc.movie_id,t.id=mi_idx.movie_id#mi_idx.info_type_id,=,113,mc.company_type_id,=,2,t.production_year,>,2004,t.production_year,<,2013
movie_companies mc,title t,movie_info_idx mi_idx#t.id=mc.movie_id,t.id=mi_idx.movie_id#mi_idx.info_type_id,=,113,mc.company_type_id,=,2,t.production_year,>,2004,t.production_year,<,2014
movie_companies mc,title t,movie_info_idx mi_idx#t.id=mc.movie_id,t.id=mi_idx.movie_id#mi_idx.info_type_id,=,113,mc.company_type_id,=,2,t.production_year,>,2004,t.production_year,<,2015
movie_companies mc,title t,movie_info_idx mi_idx#t.id=mc.movie_id,t.id=mi_idx.movie_id#mi_idx.info_type_id,=,113,mc.company_type_id,=,2,t.production_year,>,2004,t.production_year,<,2016
